handle,name
‪@torstenbell.bsky.social‬,Torsten Bell
‪@jeremycorbyn.bsky.social‬,Jeremy Corbyn
‪@charlotte2153.bsky.social‬,Charlotte Nichols
‪@chriscurtis94.bsky.social‬,Chris Curtis
‪@lucyrigby.bsky.social‬,Lucy Rigby
‪@lukepollard.bsky.social‬,Luke Pollard
‪@darrenpjones.bsky.social‬,Darren Jones
‪@julietcampbellmp.bsky.social‬,Juliet Campbell
‪@carladenyer.bsky.social‬,Carla Denyer
‪@antoniabance.bsky.social‬,Antonia Bance
‪@amcarmichaelmp.bsky.social‬,Alistair Carmichael
‪@davidbainesmp.bsky.social‬,David Baines
‪@laylamoran.bsky.social‬,Layla Moran
‪@pollybillington.bsky.social‬,Polly Billington
‪@libdemcam.bsky.social‬,Cameron Thomas
‪@imogenwalker.bsky.social‬,Imogen Walker
‪@simonforstroud.bsky.social‬,Simon Opher
‪@lizjarvis.bsky.social‬,Liz Jarvis
‪@angelaeagle1.bsky.social‬,Angela Eagle
‪@kirstysnp.bsky.social‬,Kirsty Blackman
‪@luketaylorld.bsky.social‬,Luke Taylor
‪@gregorpoynton.bsky.social‬,Gregor Poynton
‪@clairehanna.bsky.social‬,Claire Hanna
‪@bellribeiroaddy.bsky.social‬,Bell Ribeiro-Addy
‪@hackneyabbott.bsky.social‬,Diane Abbott
‪@gwynnemp.bsky.social‬,Andrew Gwynne
‪@emmahardymp.bsky.social‬,Emma Hardy
‪@lewisatkinson.bsky.social‬,Lewis Atkinson
‪@willforster.bsky.social‬,Will Forster
‪@jessphillipsmp.bsky.social‬,Jess Phillips
‪@jeevunsandher.bsky.social‬,Dr. Jeevun Sandher
‪@allymcgovern.bsky.social‬,Alison McGovern
‪@miattafahnbulleh.bsky.social‬,Miatta Fahnbulleh
‪@callumandersonmp.bsky.social‬,Callum Anderson
‪@zarahsultana.bsky.social‬,Zarah Sultana
‪@joepowell.bsky.social‬,Joe Powell
‪@andrewpakes.bsky.social‬,Andrew Pakes
‪@lukemurphy.bsky.social‬,Luke Murphy
‪@dannychambers.bsky.social‬,Danny Chambers
‪@tobyperkinsmp.bsky.social‬,Toby Perkins
‪@matthewpatrick.bsky.social‬,Matthew Patrick
‪@patrickhurley.bsky.social‬,Patrick Hurley
‪@philbrickellmp.bsky.social‬,Phil Brickell
‪@yasminqureshimp.bsky.social‬,Yasmin Qureshi
‪@chrishinchliff.bsky.social‬,Chris Hinchliff
‪@samcarling.bsky.social‬,Sam Carling
‪@drrosena.bsky.social‬,Dr Rosena Allin-Khan
‪@jon4highpeak.bsky.social‬,Jon Pearce
‪@joshuareynoldssl6.bsky.social‬,Joshua Reynolds
‪@freddievanmierlomp.bsky.social‬,Freddie van Mierlo
‪@jamesmaccleary.bsky.social‬,James MacCleary
‪@vikkislademp.bsky.social‬,Vikki Slade
‪@claireyoungmp.bsky.social‬,Claire Young
‪@alpinkerton.bsky.social‬,Dr Al Pinkerton
@zoefranklinld.bsky.social,Zoe Franklin
‪@charlotte-cane-mp.bsky.social‬,Charlotte Cane
‪@carolinevoadenmp.bsky.social‬,Caroline Voaden
‪@jostevenslabour.bsky.social‬,Jo Stevens
‪@mariecgoldman.bsky.social‬,Marie Goldman
‪@libdemdaisy.bsky.social‬,Daisy Cooper
‪@stephenmorganmp.bsky.social‬,Stephen Morgan
‪@elliechowns.bsky.social‬,Ellie Chowns
‪@benobesejecty.bsky.social‬,Ben Obese-Jecty
‪@stellacreasy.bsky.social‬,Stella Creasy
‪@jessasatomp.bsky.social‬,Jess Asato
‪@labourlewis.bsky.social‬,Clive Lewis
‪@werahobhouse.bsky.social‬,Wera Hobhouse
‪@joshdeanmp.bsky.social‬,Josh Dean
‪@liamconlonlabour.bsky.social‬,Liam Conlon
‪@danaldridgemp.bsky.social‬,Dan Aldridge
‪@leepitcher.bsky.social‬,Lee Pitcher
‪@msalexbaker.bsky.social‬,Alex Baker
‪@alisonstaylormp.bsky.social‬,Alison S Taylor
‪@davidbsampson.bsky.social‬,David Burton-Sampson
‪@martinmccluskey.bsky.social‬,Martin McCluskey
‪@gordonmckee.bsky.social‬,Gordon McKee
‪@marykfoymp.bsky.social‬,Mary Kelly Foy
‪@catherinewestmp.bsky.social‬,Catherine West
‪@markfergusonmp.bsky.social‬,Mark Ferguson
‪@heidialexander.bsky.social‬,Heidi Alexander
‪@sadikal-hassanmp.bsky.social‬,Sadik Al-Hassan
‪@mattbishopmp.bsky.social‬,Matt Bishop
‪@graemedowniemp.bsky.social‬,Graeme Downie
‪@emily4mk.bsky.social‬,Emily Darlington
‪@ndironsmp.bsky.social‬,Natasha Irons
‪@luke-akehurstmp.bsky.social‬,Luke Akehurst
‪@connornaismithmp.bsky.social‬,Connor Naismith
‪@larry-turner.bsky.social‬,Laurence Turner
‪@kateosbornemp.bsky.social‬,Kate Osborne
‪@sarahhall-labour.bsky.social‬,Sarah Hall
‪@samanthaniblett.bsky.social‬,Samantha Niblett
‪@deirdrecostiganmp.bsky.social‬,Deirdre Costigan
‪@mgshanks.bsky.social‬,Michael Shanks
‪@drscottarthurmp.bsky.social‬,Scott Arthur
‪@melanieonnmp.bsky.social‬,Melanie Onn
‪@melanieward.bsky.social‬,Melanie Ward
‪@markjsewards.bsky.social‬,Mark Sewards
‪@karinsmythmp.bsky.social‬,Karin Smyth
‪@joshnewburymp.bsky.social‬,Josh Newbury
‪@tomhayesmp.bsky.social‬,Tom Hayes
‪@katrinamurraymp.bsky.social‬,Katrina Murray
‪@chrisbloore.bsky.social‬,Chris Bloore
‪@paulabarkermp.bsky.social‬,Paula Barker
‪@umakumaran.bsky.social‬,Uma Kumaran
‪@jamesasser.bsky.social‬,James Asser
‪@elsieblundellmp.bsky.social‬,Elsie Blundell
‪@blairmcdougall.bsky.social‬,Blair McDougall
‪@mp4stratford.bsky.social‬,Manuela Perteghella
‪@chriselmoremp.bsky.social‬,Chris Elmore
‪@andrewlewinmp.bsky.social‬,Andrew Lewin
‪@dawnbutlerbrent.bsky.social‬,Dawn Butler
‪@cateccles.bsky.social‬,Cat Eccles
‪@jackabbott.bsky.social‬,Jack Abbott
‪@rupahuq.bsky.social‬,Rupa Huq
‪@andrewwesternmp.bsky.social‬,Andrew Western
‪@fleuranderson.bsky.social‬,Fleur Anderson
‪@danfrancis02.bsky.social‬,Daniel Francis
‪@alexdaviesjones.bsky.social‬,Alex Davies-Jones
‪@emilythornberry.bsky.social‬,Emily Thornberry
‪@samanthadixonmp.bsky.social‬,Samantha Dixon
‪@jonathandaviesmp.bsky.social‬,Jonathan Davies
‪@sorchaeastwood.bsky.social‬,Sorcha Eastwood
‪@vickyfoxcroftmp.bsky.social‬,Vicky Foxcroft
‪@saqibbhattimp.bsky.social‬,Saqib Bhatti
‪@nadiawhittomemp.bsky.social‬,Nadia Whittome
‪@richardburgon.bsky.social‬,Richard Burgon
‪@drlukeevans.bsky.social‬,Luke Evans
‪@lukecharters.bsky.social‬,Luke Charters
‪@lsrplaid.bsky.social‬,Liz Saville Roberts
‪@goandrcoop.bsky.social‬,Andrew Cooper
‪@willstonemp.bsky.social‬,Will Stone
‪@adamjogee.bsky.social‬,Adam Jogee
‪@shockatadam.bsky.social‬,Shockat Adam
‪@pippaheylings.bsky.social‬,Pippa Heylings
‪@timfarron.bsky.social‬,Tim Farron
‪@joshfg.bsky.social‬,Josh Fenton-Glynn
‪@joemorrismp.bsky.social‬,Joe Morris
‪@racheltaylormp.bsky.social‬,Rachel Taylor
‪@johnmcdonnellmp.bsky.social‬,John McDonnell
‪@rachelhopkins.bsky.social‬,Rachel Hopkins
‪@yuanfenyang.bsky.social‬,Yuan Yang
‪@fredthomasuk.bsky.social‬,Fred Thomas
‪@bengoldsborough.bsky.social‬,Ben Goldsborough
‪@alangemmell.bsky.social‬,Alan Gemmell
