bsky_handle,name
@achimpost.de,Achim Post
@agnieszka-brugger.de,Agnieszka Brugger
@andreasaudretsch.de,Andreas Audretsch
@avjurisch.bsky.social,Ann-Veruschka Jurisch
@irene-mihalic.de,Irene Mihalic
@schwarzmdb.bsky.social,Andreas Schwarz
@andreaslarem.bsky.social,Andreas Larem
@arimkus.bsky.social,Andreas Rimkus
@anjareinalter.bsky.social,Anja Reinalter
@anjatroff.bsky.social,Anja Troff-Schaffarzyk
@annakassautzki.bsky.social,Anna Kassautzki
@annaluehrmann.bsky.social,Anna Lührmann
@anniklose.bsky.social,Annika Klose
@hofreiter.bsky.social,Anton Hofreiter
@armingrau.bsky.social,Armin Grau
@atesguerpinar.bsky.social,Ates Gürpinar
@awettesfaiesus.bsky.social,Awet Tesfaiesus
@axelecheverria.bsky.social,Axel Echeverria
@baerbelbas.de,Bärbel Bas
@baerbelkofler.bsky.social,Bärbel Kofler
@gruenebeate.bsky.social,Beate Müller-Gemmeke
@bherrmann.bsky.social,Bernhard Herrmann
@djirsarai.bsky.social,Bijan Djir-Sarai
@boris-mijatovic.bsky.social,Boris Mijatovic
@nickholz.bsky.social,Brian Nickholz
@britta-hasselmann.de,Britta Haßelmann
@blischka.bsky.social,Burkhard Lischka
@lieblingxhain.bsky.social,Canan Bayram
@carenlay.bsky.social,Caren Lay
@carloskasper.bsky.social,Carlos Kasper
@carmenwegge.bsky.social,Carmen Wegge
@catarinadossantos.bsky.social,Catarina dos Santos
@oezdemir.de,Cem Özdemir
@chantalkopf.bsky.social,Chantal Kopf
@einfachkuehn.bsky.social,Chris Kühn
@christianduerr.bsky.social,Christian Dürr
@cjschroeder.de,Christina-Johanne Schröder
@aschenbergdugnus.bsky.social,Christine Aschenberg-Dugnus
@clarabuenger.bsky.social,Clara Bünger
@gruenclaudia.bsky.social,Claudia Müller
@corinna-rueffer.de,Corinna Rüffer
@connimoehring.bsky.social,Cornelia Moehring
@dagmarandres.bsky.social,Dagmar Andres
@dagmarschmidt.de,Dagmar Schmidt
@daniel-baldy.bsky.social,Daniel Baldy
@daniel-foest.de,Daniel Föst
@deborahduering.bsky.social,Deborah Düring
@deryatuerknachbaur.bsky.social,Derya Türk-Nachbaur
@djanecek.bsky.social,Dieter Janecek
@dietmarbartsch.bsky.social,Dietmar Bartsch
@dhmdb.bsky.social,Dirk Heidenblut
@dirkwiesesauerland.bsky.social,Dirk Wiese
@dorobaer.bsky.social,Dorothee Bär
@andrehahn.bsky.social,André Hahn
@bhoffmann.bsky.social,Bettina Hoffmann
@drjoe.bsky.social,Joe Weingarten
@paulapiechotta.de,Paula Piechotta
@sandradetzer.bsky.social,Sandra Detzer
@tobiaslindner.bsky.social,Tobias Lindner
@zoegruene.bsky.social,Zoe Mayer
@ekin-deligoez.de,Ekin Deligöz
@erhardgrundl.bsky.social,Erhard Grundl
@erikvonmalottki.bsky.social,Erik von Malottki
@esralimbacher.bsky.social,Esra Limbacher
@funkefabian.bsky.social,Fabian Funke
@frankbsirske.bsky.social,Frank Bsirske
@frankschwabe.bsky.social,Frank Schwabe
@franziskabrantner.de,Franziska Brantner
@franziskakersten.bsky.social,Franziska Kersten
@fheiligenstadt.bsky.social,Frauke Heiligenstadt
@goekayakbulut.bsky.social,Gökay Akbulut
@hanna-steinmueller.de,Hanna Steinmüller
@ebnerharald.bsky.social,Harald Ebner
@helgebraun.bsky.social,Helge Braun
@helgelimburg.bsky.social,Helge Limburg
@helgelindh.bsky.social,Helge Lindh
@groehe.bsky.social,Hermann Gröhe
@houbenreinhard.bsky.social,houbenreinhard.bsky.social
@ingridnestle.bsky.social,Ingrid Nestle
@jakobmariami.bsky.social,Jakob Maria Mierscheid
@jamilaschaefer.bsky.social,Jamila Schäfer
@jandieren.bsky.social,Jan Dieren
@jankorte.bsky.social,Jan Korte
@gesenhues.bsky.social,Jan-Niclas Gesenhues
@janinewissler.bsky.social,Janine Wissler
@janoschdahmen.bsky.social,Janosch Dahmen
@jenspeick.bsky.social,Jens Peick
@jens-zimmermann.org,Jens Zimmermann
@joanacotar.bsky.social,Joana Cotar
@johann-saathoff.bsky.social,Johann Saathoff
@johannesschaetzl.bsky.social,Johannes Schätzl
@yoohannes.bsky.social,Johannes Wagner
@josephine-ortleb.de,Josephine Ortleb
@judithskudelny.bsky.social,Judith Skudelny
@jpahlke.bsky.social,Julian Pahlke
@juergencosse.bsky.social,Jürgen Coße
@juergenkretz.bsky.social,Jürgen Kretz
@kgehring.bsky.social,Kai Gehring
@karlbaer.bsky.social,Karl Bär
@kassemtahersaleh.bsky.social,Kassem Taher Saleh
@katharinabeck.bsky.social,Katharina Beck
@katharinadroege.bsky.social,Katharina Dröge
@kthrn-mchl-spd.bsky.social,Kathrin Michel
@voglerk.bsky.social,Kathrin Vogler
@katja-keul.de,Katja Keul
@kleikert.bsky.social,Katja Leikert
@katjamast.bsky.social,Katja Mast
@katrinuhlig.bsky.social,Katrin Uhlig
@kirstenkappert.bsky.social,Kirsten Kappert-Gonther
@konradstockmeier.bsky.social,Konrad Stockmeier
@konstantinkuhle.bsky.social,Konstantin Kuhle
@konstantinnotz.bsky.social,KonstantinNotz
@schulzasche.bsky.social,Kordula Schulz-Asche
@kristine-luetke.de,Kristine Lütke
@lamyakaddor.bsky.social,Lamya Kaddor
@gruenebundestag.bsky.social,Landesgruppensprecherin NRW
@larscastellucci.bsky.social,Lars Castellucci
@larsklingbeil.bsky.social,Lars Klingbeil
@larsrohwer.bsky.social,Lars Rohwer
@laurakraft.bsky.social,Laura Kraft
@leon-eckert.de,Leon Eckert
@linaseitzl.bsky.social,Lina Seitzl
@linda-altona.bsky.social,Linda Heitmann
@badumlisa.bsky.social,Lisa Badum
@lisapaus.bsky.social,Lisa Paus
@koehlerfdp.bsky.social,Lukas Köhler
@maik-aussendorf.de,Maik Außendorf
@manuelarottmann.bsky.social,Manuela Rottmann
@herremmerich.bsky.social,Marcel Emmerich
@mklsch.bsky.social,Maria Klein-Schmeink
@masz.bsky.social,Marie-Agnes Strack-Zimmermann
@markushuempfer.bsky.social,Markus Hümpfer
@martinarenner.bsky.social,Martina Renner
@mathiasstein.bsky.social,Mathias Stein
@matthiashauer.bsky.social,Matthias Hauer
@maxfksr.bsky.social,Maximilian Funke-Kaiser
@pellmann.bsky.social,MdB Sören Pellmann
@merlespellerberg.bsky.social,Merle Spellerberg
@metinhakverdi.bsky.social,Metin Hakverdi
@mikellner.bsky.social,Michael Kellner
@michaelroth.bsky.social,Michael Roth
@michaelsacher.bsky.social,Michael Sacher
@michael-schrodi.bsky.social,Michael Schrodi
@michaelthews.bsky.social,Michael Thews
@mi-muentefering.bsky.social,Michelle Müntefering
@misbahkhan.bsky.social,Misbah Khan
@al-halak.bsky.social,Muhanad Al-Halak
@rufnadine.bsky.social,Nadine Ruf
@nataliepawlik.bsky.social,Natalie Pawlik
@baradari.bsky.social,Nezahat Baradari
@zippelius.bsky.social,Nicolas Zippelius
@nicolebauer.bsky.social,Nicole Bauer
@nicolegohlke.bsky.social,Nicole Gohlke
@nielsannen.bsky.social,Niels Annen
@nroettgen.bsky.social,Norbert Röttgen
@nykeslawik.bsky.social,Nyke Slawik
@olafinderbeek.bsky.social,Olaf in der Beek
@nouripour.bsky.social,Omid Nouripour
@ophelia-nick.de,Ophelia Nick
@pascalmeiser.bsky.social,Pascal Meiser
@petrasittemdb.bsky.social,Petra Sitte
@petrapau.bsky.social,Petra Pau
@ralfstegner.bsky.social,Ralf Stegner
@houbenreinhard.bsky.social,Reinhard Houben
@renataaltmdb.bsky.social,Renata Alt
@renate-kuenast.de,Renate Künast
@ricardalang.bsky.social,Ricarda Lang
@ritaschwarzeluehr.bsky.social,Rita Schwarzelühr-Sutter
@rodki.bsky.social,Roderich Kiesewetter
@ruppertstuewe.bsky.social,Ruppert Stüwe
@sabinegruetzmacher.bsky.social,Sabine Grützmacher
@sarananni.bsky.social,Sara Nanni
@saschamuller.bsky.social,Sascha Müller
@eskensaskia.bsky.social,Saskia Esken
@schahinagambir.bsky.social,Schahina Gambir
@sebastianhartmann.bsky.social,Sebastian Hartmann
@serapgueler.bsky.social,Serap Güler
@soerenbartol.bsky.social,Soeren Bartol
@soenkerix.bsky.social,Sönke Rix
@stefanseidlerssw.bsky.social,Stefan Seidler
@stefwenzel.bsky.social,Stefan Wenzel
@stephanbischoff.bsky.social,Stephan Bischoff
@stepnieaeffner.bsky.social,Stephanie Aeffner
@susanneferschl.bsky.social,Susanne Ferschl
@sven-kindler.bsky.social,Sven Kindler
@svenjastadler.bsky.social,Svenja Stadler
@swantje-michaelsen.de,Swantje Michaelsen
@tabearoessner.bsky.social,Tabea Rößner
@thomashitschler.bsky.social,Thomas Hitschler
@thorstenlieb.bsky.social,Thorsten Lieb
@tillsteffen.de,Till Steffen
@tbbacherle.eu,Tobias B. Bacherle
@uligroetsch.bsky.social,Uli Grötsch
@ulleschauws.bsky.social,Ulle Schauws
@ulrichlechte.bsky.social,Ulrich Lechte
@wilmsval.bsky.social,Valerie Wilms
@verena-hubertz.de,Verena Hubertz
@victorperli.bsky.social,Victor Perli
@wanderwitz.bsky.social,Marco Wanderwitz
@strengmann-kuhn.de,Wolfgang Strengmann-Kuhn
@yeonerhie.de,Ye-One Rhie
@yvonnemagwas.bsky.social,Yvonne Magwas
@zandamartens.bsky.social,Zanda Martens
@evahoegl.bsky.social,Eva Högl
@robert-habeck.de,Robert Habeck
